condition,freq,pcnt
t2d,42,45.65217391304348
copd,21,22.82608695652174
hypertension,12,13.043478260869565
benign prostatic hyperplasia,5,5.434782608695652
parkinson's,5,5.434782608695652
asthma,2,2.1739130434782608
pulmonary fibrosis,2,2.1739130434782608
osteoarthritis,1,1.0869565217391304
osteoporosis,1,1.0869565217391304
restless legs syndrome,1,1.0869565217391304
